<?xml version="1.0" encoding="UTF-8"?>
<project-private xmlns="http://www.netbeans.org/ns/project-private/1">
    <editor-bookmarks xmlns="http://www.netbeans.org/ns/editor-bookmarks/2" lastBookmarkId="0"/>
    <open-files xmlns="http://www.netbeans.org/ns/projectui-open-files/2">
        <group>
            <file>file:/C:/Users/Tisanai.Cha/Documents/NetBeansProjects/BookSelf/test/AddBookTest.java</file>
            <file>file:/C:/Users/Tisanai.Cha/Documents/NetBeansProjects/BookSelf/test/UnAvailableBookTest.java</file>
            <file>file:/C:/Users/Tisanai.Cha/Documents/NetBeansProjects/BookSelf/src/self/model/BookCatalog.java</file>
            <file>file:/C:/Users/Tisanai.Cha/Documents/NetBeansProjects/BookSelf/src/self/model/Book.java</file>
        </group>
    </open-files>
</project-private>
